Type,Date,Part of a policing operation,Policing operation,Latitude,Longitude,Gender,Age range,Self-defined ethnicity,Officer-defined ethnicity,Legislation,Object of search,Outcome,Outcome linked to object of search,Removal of more than just outer clothing
Person search,2016-04-30T23:24:00+00:00,,,,,Other,18-24,Mixed - White and Black Caribbean (M1),Black,Police and Criminal Evidence Act 1984 (section 1),Article for use in theft,Nothing found - no further action,,False
Person search,2016-05-01T04:01:00+00:00,,,,,Other,25-34,White - White British (W1),White,Police and Criminal Evidence Act 1984 (section 1),Stolen goods,Nothing found - no further action,,False
Vehicle search,2016-05-01T20:21:00+00:00,,,,,Other,,,,Police and Criminal Evidence Act 1984 (section 1),Offensive weapons,Nothing found - no further action,,
Person search,2016-05-02T01:07:00+00:00,,,,,Other,over 34,White - White British (W1),White,Police and Criminal Evidence Act 1984 (section 1),Article for use in theft,Nothing found - no further action,,False
Person search,2016-05-02T01:33:00+00:00,,,,,Other,25-34,White - White British (W1),White,Police and Criminal Evidence Act 1984 (section 1),Article for use in theft,Nothing found - no further action,,False
Person search,2016-05-02T01:40:00+00:00,,,,,Other,over 34,White - White British (W1),White,Police and Criminal Evidence Act 1984 (section 1),Article for use in theft,Nothing found - no further action,,False
Person search,2016-05-02T02:20:00+00:00,,,,,Other,18-24,White - White British (W1),White,Police and Criminal Evidence Act 1984 (section 1),Article for use in theft,Nothing found - no further action,,False
Person search,2016-05-02T02:20:00+00:00,,,,,Other,10-17,White - White British (W1),White,Police and Criminal Evidence Act 1984 (section 1),Article for use in theft,Nothing found - no further action,,False
Person search,2016-05-02T02:25:00+00:00,,,,,Other,18-24,White - White British (W1),White,Police and Criminal Evidence Act 1984 (section 1),Article for use in theft,Nothing found - no further action,,False
Person search,2016-05-02T05:00:00+00:00,,,,,Other,10-17,,,Police and Criminal Evidence Act 1984 (section 1),Offensive weapons,Nothing found - no further action,,False
Vehicle search,2016-05-02T08:30:00+00:00,,,,,Other,,,,Misuse of Drugs Act 1971 (section 23),Controlled drugs,Nothing found - no further action,,
Person search,2016-05-02T20:42:00+00:00,,,52.974157,-2.101578,Other,10-17,White - White British (W1),White,Police and Criminal Evidence Act 1984 (section 1),Offensive weapons,Nothing found - no further action,,False
Person search,2016-05-02T20:46:00+00:00,,,52.974157,-2.101578,Other,10-17,White - White British (W1),White,Police and Criminal Evidence Act 1984 (section 1),Offensive weapons,Nothing found - no further action,,False
Person search,2016-05-02T20:48:00+00:00,,,52.974157,-2.101578,Other,10-17,White - White British (W1),White,Police and Criminal Evidence Act 1984 (section 1),Offensive weapons,Nothing found - no further action,,False
Person search,2016-05-02T20:50:00+00:00,,,52.974157,-2.101578,Other,10-17,White - White British (W1),White,Police and Criminal Evidence Act 1984 (section 1),Offensive weapons,Suspect arrested,,False
Person search,2016-05-02T22:09:00+00:00,,,52.974157,-2.101578,Other,10-17,Not Stated (NS),White,Police and Criminal Evidence Act 1984 (section 1),Offensive weapons,Nothing found - no further action,,False
Person search,2016-05-02T22:35:00+00:00,,,,,Other,over 34,Mixed - White and Black African (M2),Black,Misuse of Drugs Act 1971 (section 23),Controlled drugs,Nothing found - no further action,,False
Person search,2016-05-03T10:35:00+00:00,,,,,Other,18-24,White - White British (W1),White,Police and Criminal Evidence Act 1984 (section 1),Stolen goods,Nothing found - no further action,,False
Person search,2016-05-03T10:35:00+00:00,,,,,Other,18-24,White - White British (W1),,Police and Criminal Evidence Act 1984 (section 1),Stolen goods,Nothing found - no further action,,False
Person search,2016-05-04T00:29:00+00:00,,,,,Other,25-34,White - White British (W1),White,Police and Criminal Evidence Act 1984 (section 1),Article for use in theft,Nothing found - no further action,,False
Person and Vehicle search,2016-05-04T00:33:00+00:00,,,,,Other,over 34,White - White British (W1),White,Police and Criminal Evidence Act 1984 (section 1),Article for use in theft,Nothing found - no further action,,False
Vehicle search,2016-05-04T10:11:00+00:00,,,,,Other,25-34,,,Misuse of Drugs Act 1971 (section 23),Controlled drugs,Nothing found - no further action,,
Person and Vehicle search,2016-05-04T11:35:00+00:00,,,,,Other,18-24,White - White British (W1),,Misuse of Drugs Act 1971 (section 23),Controlled drugs,Nothing found - no further action,,False
Person search,2016-05-05T12:45:00+00:00,,,,,Other,18-24,White - White British (W1),White,Misuse of Drugs Act 1971 (section 23),Controlled drugs,Local resolution,,False
Person search,2016-05-05T13:00:00+00:00,,,,,Other,18-24,Not Stated (NS),,Misuse of Drugs Act 1971 (section 23),Controlled drugs,Nothing found - no further action,,False
Person and Vehicle search,2016-05-05T13:00:00+00:00,,,,,Other,18-24,Not Stated (NS),,Misuse of Drugs Act 1971 (section 23),Controlled drugs,Nothing found - no further action,,False
Person search,2016-05-05T14:45:00+00:00,,,,,Other,over 34,Not Stated (NS),,Misuse of Drugs Act 1971 (section 23),Controlled drugs,Nothing found - no further action,,False
Vehicle search,2016-05-05T18:51:00+00:00,,,,,Other,,,,Police and Criminal Evidence Act 1984 (section 1),Stolen goods,Nothing found - no further action,,
Person search,2016-05-05T23:40:00+00:00,,,,,Other,10-17,White - White British (W1),White,Police and Criminal Evidence Act 1984 (section 1),,Nothing found - no further action,,False
Person and Vehicle search,2016-05-05T23:45:00+00:00,,,52.629195,-2.183540,Male,25-34,White - White British (W1),White,Police and Criminal Evidence Act 1984 (section 1),Stolen goods,Nothing found - no further action,,False
Person and Vehicle search,2016-05-05T23:49:00+00:00,,,52.629195,-2.183540,Male,25-34,White - White British (W1),White,Police and Criminal Evidence Act 1984 (section 1),Stolen goods,Nothing found - no further action,,False
Person search,2016-05-06T00:21:00+00:00,,,,,Other,18-24,White - White British (W1),White,Misuse of Drugs Act 1971 (section 23),Controlled drugs,Nothing found - no further action,,False
Person and Vehicle search,2016-05-06T06:53:00+00:00,,,,,Other,25-34,,,Misuse of Drugs Act 1971 (section 23),Controlled drugs,Suspect arrested,True,False
Vehicle search,2016-05-06T09:37:00+00:00,,,,,Other,25-34,Asian or Asian British - Pakistani (A2),,Misuse of Drugs Act 1971 (section 23),Controlled drugs,Nothing found - no further action,,
Person and Vehicle search,2016-05-06T11:10:00+00:00,,,,,Other,25-34,Asian or Asian British - Pakistani (A2),Asian,Misuse of Drugs Act 1971 (section 23),Controlled drugs,Suspect arrested,,False
Person search,2016-05-06T15:37:00+00:00,,,,,Other,18-24,White - White British (W1),White,Misuse of Drugs Act 1971 (section 23),Controlled drugs,Offender given drugs possession warning,,False
Person and Vehicle search,2016-05-06T18:35:00+00:00,,,,,Other,18-24,White - White British (W1),White,Misuse of Drugs Act 1971 (section 23),Controlled drugs,Nothing found - no further action,,False
Person and Vehicle search,2016-05-06T19:37:00+00:00,,,,,Other,18-24,White - White British (W1),,Firearms Act 1968 (section 47),Firearms,Nothing found - no further action,,False
Person search,2016-05-06T19:55:00+00:00,,,,,Other,10-17,White - White British (W1),White,Misuse of Drugs Act 1971 (section 23),Controlled drugs,Nothing found - no further action,,False
Person search,2016-05-06T20:10:00+00:00,,,,,Other,10-17,White - White British (W1),White,Misuse of Drugs Act 1971 (section 23),Controlled drugs,Nothing found - no further action,,False
Person search,2016-05-06T21:36:00+00:00,,,,,Other,over 34,Black or Black British - Caribbean (B1),,Police and Criminal Evidence Act 1984 (section 1),Offensive weapons,Nothing found - no further action,,False
Person search,2016-05-07T01:00:00+00:00,,,,,Other,25-34,Not Stated (NS),White,Misuse of Drugs Act 1971 (section 23),Controlled drugs,Nothing found - no further action,,False
Person search,2016-05-07T01:30:00+00:00,,,,,Other,25-34,White - White British (W1),,Police and Criminal Evidence Act 1984 (section 1),Offensive weapons,Suspect arrested,True,False
Person and Vehicle search,2016-05-07T10:00:00+00:00,,,,,Other,25-34,White - Any other White ethnic background (W9),White,Misuse of Drugs Act 1971 (section 23),Controlled drugs,Nothing found - no further action,,False
Person and Vehicle search,2016-05-07T22:55:00+00:00,,,,,Other,18-24,White - White British (W1),White,Misuse of Drugs Act 1971 (section 23),Controlled drugs,Nothing found - no further action,,False
Person and Vehicle search,2016-05-07T23:00:00+00:00,,,,,Other,18-24,White - White British (W1),White,Misuse of Drugs Act 1971 (section 23),Controlled drugs,Nothing found - no further action,,False
Person search,2016-05-08T03:46:00+00:00,,,,,Other,,,,Police and Criminal Evidence Act 1984 (section 1),Stolen goods,Suspect arrested,,False
Person and Vehicle search,2016-05-08T16:58:00+00:00,,,,,Other,25-34,White - White British (W1),White,Misuse of Drugs Act 1971 (section 23),Controlled drugs,Local resolution,,False
Person search,2016-05-08T17:01:00+00:00,,,,,Other,18-24,White - White British (W1),,Police and Criminal Evidence Act 1984 (section 1),Stolen goods,Suspect arrested,,False
Person search,2016-05-08T17:01:00+00:00,,,,,Other,18-24,White - White British (W1),,Police and Criminal Evidence Act 1984 (section 1),Stolen goods,Nothing found - no further action,,False
Person search,2016-05-08T17:30:00+00:00,,,,,Other,10-17,Not Stated (NS),White,Police and Criminal Evidence Act 1984 (section 1),Stolen goods,Nothing found - no further action,,False
Vehicle search,2016-05-08T18:30:00+00:00,,,,,Other,over 34,,,Police and Criminal Evidence Act 1984 (section 1),Stolen goods,Nothing found - no further action,,
Person search,2016-05-09T00:44:00+00:00,,,,,Other,10-17,White - White British (W1),White,Misuse of Drugs Act 1971 (section 23),Controlled drugs,Nothing found - no further action,,False
Person search,2016-05-09T19:05:00+00:00,,,,,Other,25-34,White - White British (W1),White,Misuse of Drugs Act 1971 (section 23),Controlled drugs,Offender given drugs possession warning,,False
Person search,2016-05-09T19:05:00+00:00,,,,,Other,,,,Police and Criminal Evidence Act 1984 (section 1),Stolen goods,Suspect arrested,,False
Person search,2016-05-10T14:43:00+00:00,,,,,Other,25-34,White - White British (W1),White,Misuse of Drugs Act 1971 (section 23),Controlled drugs,Local resolution,,False
Person and Vehicle search,2016-05-10T17:55:00+00:00,,,,,Other,over 34,Asian or Asian British - Pakistani (A2),,Police and Criminal Evidence Act 1984 (section 1),Article for use in theft,Nothing found - no further action,,False
Person and Vehicle search,2016-05-10T17:55:00+00:00,,,,,Other,over 34,Asian or Asian British - Pakistani (A2),,Police and Criminal Evidence Act 1984 (section 1),Article for use in theft,Nothing found - no further action,,False
Person search,2016-05-10T21:49:00+00:00,,,,,Other,over 34,White - White British (W1),,Police and Criminal Evidence Act 1984 (section 1),Stolen goods,Nothing found - no further action,,False
Person search,2016-05-10T22:20:00+00:00,,,,,Other,25-34,White - White British (W1),White,Police and Criminal Evidence Act 1984 (section 1),Stolen goods,Nothing found - no further action,,False
Person search,2016-05-10T22:32:00+00:00,,,,,Other,,,,Police and Criminal Evidence Act 1984 (section 1),Stolen goods,Nothing found - no further action,,False
Person search,2016-05-11T01:50:00+00:00,,,,,Other,10-17,,,Police and Criminal Evidence Act 1984 (section 1),Offensive weapons,Nothing found - no further action,,False
Person search,2016-05-11T02:46:00+00:00,,,,,Other,10-17,White - White British (W1),White,Police and Criminal Evidence Act 1984 (section 1),Article for use in theft,Nothing found - no further action,,False
Person search,2016-05-11T05:01:00+00:00,,,,,Other,25-34,Not Stated (NS),White,Police and Criminal Evidence Act 1984 (section 1),Article for use in theft,Nothing found - no further action,,False
Person search,2016-05-11T11:46:00+00:00,,,,,Other,18-24,White - White British (W1),White,Misuse of Drugs Act 1971 (section 23),Controlled drugs,Nothing found - no further action,,False
Person search,2016-05-11T14:20:00+00:00,,,,,Other,18-24,White - White British (W1),White,Police and Criminal Evidence Act 1984 (section 1),Offensive weapons,Nothing found - no further action,,False
Person and Vehicle search,2016-05-11T20:35:00+00:00,,,,,Other,over 34,Not Stated (NS),,Misuse of Drugs Act 1971 (section 23),Controlled drugs,Nothing found - no further action,,False
Person search,2016-05-11T23:09:00+00:00,,,,,Other,over 34,White - Any other White ethnic background (W9),,Police and Criminal Evidence Act 1984 (section 1),Article for use in theft,Nothing found - no further action,,False
Person and Vehicle search,2016-05-12T00:40:00+00:00,,,,,Other,over 34,Asian or Asian British - Pakistani (A2),Asian,Misuse of Drugs Act 1971 (section 23),Controlled drugs,Local resolution,,False
Person search,2016-05-12T13:10:00+00:00,,,,,Other,over 34,White - Any other White ethnic background (W9),White,Police and Criminal Evidence Act 1984 (section 1),Article for use in theft,Nothing found - no further action,,False
Person search,2016-05-13T01:51:00+00:00,,,52.988692,-2.137960,Other,over 34,White - White British (W1),White,Police and Criminal Evidence Act 1984 (section 1),Stolen goods,Nothing found - no further action,,False
Person search,2016-05-13T13:30:00+00:00,,,53.000104,-2.141483,Other,25-34,White - White British (W1),,Misuse of Drugs Act 1971 (section 23),Controlled drugs,Nothing found - no further action,,False
Person search,2016-05-13T15:00:00+00:00,,,,,Other,18-24,White - White British (W1),White,Misuse of Drugs Act 1971 (section 23),Controlled drugs,Nothing found - no further action,,False
Vehicle search,2016-05-13T15:19:00+00:00,,,,,Other,,,,Police and Criminal Evidence Act 1984 (section 1),Stolen goods,Nothing found - no further action,,
Person search,2016-05-13T19:00:00+00:00,,,,,Other,25-34,White - White British (W1),White,Misuse of Drugs Act 1971 (section 23),Controlled drugs,Suspect arrested,True,False
Person and Vehicle search,2016-05-14T01:10:00+00:00,,,,,Male,18-24,White - White British (W1),White,Misuse of Drugs Act 1971 (section 23),Controlled drugs,Nothing found - no further action,,False
Person search,2016-05-14T01:58:00+00:00,,,,,Other,18-24,White - White British (W1),White,Police and Criminal Evidence Act 1984 (section 1),Stolen goods,Nothing found - no further action,,False
Person search,2016-05-14T01:58:00+00:00,,,,,Other,25-34,White - White British (W1),White,Police and Criminal Evidence Act 1984 (section 1),Stolen goods,Nothing found - no further action,,False
Vehicle search,2016-05-14T03:36:00+00:00,,,,,Other,,,,Police and Criminal Evidence Act 1984 (section 1),Article for use in theft,Nothing found - no further action,,
Person search,2016-05-14T09:30:00+00:00,,,,,Other,over 34,Not Stated (NS),White,Police and Criminal Evidence Act 1984 (section 1),Stolen goods,Nothing found - no further action,,False
Person search,2016-05-14T13:57:00+00:00,,,,,Other,10-17,Not Stated (NS),,Police and Criminal Evidence Act 1984 (section 1),Stolen goods,Nothing found - no further action,,False
Person search,2016-05-14T14:08:00+00:00,,,,,Other,10-17,White - Any other White ethnic background (W9),White,Police and Criminal Evidence Act 1984 (section 1),Stolen goods,Nothing found - no further action,,False
Person search,2016-05-14T15:20:00+00:00,,,,,Other,18-24,Mixed - White and Asian (M3),Asian,Police and Criminal Evidence Act 1984 (section 1),Offensive weapons,Suspect arrested,True,False
Person search,2016-05-14T17:45:00+00:00,,,,,Other,18-24,Not Stated (NS),White,Misuse of Drugs Act 1971 (section 23),Controlled drugs,Nothing found - no further action,,False
Person and Vehicle search,2016-05-14T18:50:00+00:00,,,,,Other,18-24,Asian or Asian British - Pakistani (A2),,Misuse of Drugs Act 1971 (section 23),Controlled drugs,Nothing found - no further action,,False
Person search,2016-05-14T19:24:00+00:00,,,,,Other,over 34,White - White British (W1),White,Misuse of Drugs Act 1971 (section 23),Controlled drugs,Nothing found - no further action,,False
Person search,2016-05-15T00:54:00+00:00,,,,,Other,over 34,Not Stated (NS),White,Misuse of Drugs Act 1971 (section 23),Controlled drugs,Suspect arrested,True,False
Person search,2016-05-15T03:40:00+00:00,,,,,Other,25-34,Not Stated (NS),White,Misuse of Drugs Act 1971 (section 23),Controlled drugs,Suspect arrested,True,False
Person and Vehicle search,2016-05-15T09:30:00+00:00,,,,,Other,25-34,White - White British (W1),White,Misuse of Drugs Act 1971 (section 23),Controlled drugs,Nothing found - no further action,,False
Person and Vehicle search,2016-05-15T10:55:00+00:00,,,,,Other,25-34,White - White British (W1),,Police and Criminal Evidence Act 1984 (section 1),Offensive weapons,Nothing found - no further action,,False
Person search,2016-05-15T14:00:00+00:00,,,,,Other,10-17,White - White British (W1),White,Police and Criminal Evidence Act 1984 (section 1),Article for use in theft,Nothing found - no further action,,False
Person search,2016-05-15T14:00:00+00:00,,,,,Other,10-17,White - White British (W1),White,Police and Criminal Evidence Act 1984 (section 1),Article for use in theft,Nothing found - no further action,,False
Person search,2016-05-15T16:20:00+00:00,,,52.977006,-2.145101,Other,25-34,White - White British (W1),White,Police and Criminal Evidence Act 1984 (section 1),Offensive weapons,Nothing found - no further action,,False
Person search,2016-05-15T16:23:00+00:00,,,52.977006,-2.145101,Other,25-34,White - White British (W1),White,Police and Criminal Evidence Act 1984 (section 1),Offensive weapons,Nothing found - no further action,,False
Person search,2016-05-15T18:30:00+00:00,,,52.979839,-2.136800,Other,over 34,White - White British (W1),White,Firearms Act 1968 (section 47),Firearms,Suspect arrested,,False
Person search,2016-05-15T21:10:00+00:00,,,52.973042,-2.158743,Other,25-34,White - White British (W1),,Police and Criminal Evidence Act 1984 (section 1),Offensive weapons,Nothing found - no further action,,False
Person search,2016-05-16T15:30:00+00:00,,,,,Other,18-24,White - White British (W1),White,Misuse of Drugs Act 1971 (section 23),Controlled drugs,Nothing found - no further action,,False
Person search,2016-05-16T15:30:00+00:00,,,,,Other,25-34,White - White British (W1),White,Misuse of Drugs Act 1971 (section 23),Controlled drugs,Nothing found - no further action,,False
Person and Vehicle search,2016-05-17T01:00:00+00:00,,,,,Other,18-24,Asian or Asian British - Any other Asian ethnic background (A9),Asian,Firearms Act 1968 (section 47),Firearms,Nothing found - no further action,,False
Person search,2016-05-17T17:00:00+00:00,,,,,Other,25-34,Not Stated (NS),White,Police and Criminal Evidence Act 1984 (section 1),Stolen goods,Nothing found - no further action,,False
Person search,2016-05-18T11:15:00+00:00,,,,,Other,18-24,White - White British (W1),White,Misuse of Drugs Act 1971 (section 23),Controlled drugs,Article found - Detailed outcome unavailable,,False
Person search,2016-05-18T11:44:00+00:00,,,,,Other,18-24,White - White British (W1),White,Misuse of Drugs Act 1971 (section 23),Controlled drugs,Nothing found - no further action,,False
Person and Vehicle search,2016-05-18T14:07:00+00:00,,,,,Other,25-34,Mixed - White and Black Caribbean (M1),Black,Misuse of Drugs Act 1971 (section 23),Controlled drugs,Nothing found - no further action,,False
Person search,2016-05-18T20:17:00+00:00,,,,,Other,10-17,Black or Black British - African (B2),Black,Police and Criminal Evidence Act 1984 (section 1),Offensive weapons,Suspect arrested,True,False
Person search,2016-05-18T22:35:00+00:00,,,,,Other,18-24,White - White British (W1),,Misuse of Drugs Act 1971 (section 23),Controlled drugs,Article found - Detailed outcome unavailable,,False
Person search,2016-05-18T22:39:00+00:00,,,,,Other,18-24,White - White British (W1),White,Misuse of Drugs Act 1971 (section 23),Controlled drugs,Nothing found - no further action,,False
Person and Vehicle search,2016-05-18T23:05:00+00:00,,,,,Other,18-24,White - White British (W1),White,Poaching Prevention Act 1862 (section 2),Article for use in theft,Nothing found - no further action,,False
Person search,2016-05-19T00:32:00+00:00,,,,,Other,18-24,White - White British (W1),White,Poaching Prevention Act 1862 (section 2),,Nothing found - no further action,,False
Person search,2016-05-19T00:48:00+00:00,,,,,Other,18-24,White - White British (W1),White,Poaching Prevention Act 1862 (section 2),,Nothing found - no further action,,False
Person and Vehicle search,2016-05-19T18:42:00+00:00,,,,,Other,25-34,White - White British (W1),White,Misuse of Drugs Act 1971 (section 23),Controlled drugs,Nothing found - no further action,,False
Vehicle search,2016-05-20T12:14:00+00:00,,,,,Other,,,,Misuse of Drugs Act 1971 (section 23),Controlled drugs,Nothing found - no further action,,
Person and Vehicle search,2016-05-20T13:40:00+00:00,,,53.008876,-2.156564,Other,over 34,White - White British (W1),,Police and Criminal Evidence Act 1984 (section 1),Offensive weapons,Suspect arrested,,False
Person search,2016-05-20T20:03:00+00:00,,,,,Other,18-24,White - White British (W1),,Misuse of Drugs Act 1971 (section 23),Controlled drugs,Local resolution,,False
Person search,2016-05-20T20:15:00+00:00,,,52.675323,-1.835777,Male,18-24,White - White British (W1),White,Misuse of Drugs Act 1971 (section 23),Controlled drugs,Nothing found - no further action,,False
Person search,2016-05-20T20:20:00+00:00,,,52.683752,-1.826944,Male,10-17,White - White British (W1),White,Misuse of Drugs Act 1971 (section 23),Controlled drugs,Nothing found - no further action,,False
Person search,2016-05-20T20:28:00+00:00,,,52.683752,-1.826944,Male,10-17,Mixed - White and Asian (M3),,Misuse of Drugs Act 1971 (section 23),Controlled drugs,Nothing found - no further action,,False
Person search,2016-05-20T20:40:00+00:00,,,52.682032,-1.831359,Male,over 34,White - White British (W1),White,Misuse of Drugs Act 1971 (section 23),Controlled drugs,Nothing found - no further action,,False
Person search,2016-05-20T21:24:00+00:00,,,52.682032,-1.831359,Male,25-34,White - White British (W1),White,Misuse of Drugs Act 1971 (section 23),Controlled drugs,Nothing found - no further action,,False
Person search,2016-05-20T21:26:00+00:00,,,52.682032,-1.831359,Male,18-24,Black or Black British - Any other Black ethnic background (B9),Black,Misuse of Drugs Act 1971 (section 23),Controlled drugs,Nothing found - no further action,,False
Person search,2016-05-20T21:30:00+00:00,,,52.684002,-1.831928,Male,25-34,White - White British (W1),White,Misuse of Drugs Act 1971 (section 23),Controlled drugs,Nothing found - no further action,,False
Person search,2016-05-20T21:43:00+00:00,,,52.682032,-1.831359,Male,25-34,White - White British (W1),White,Misuse of Drugs Act 1971 (section 23),Controlled drugs,Nothing found - no further action,,False
Person search,2016-05-20T21:49:00+00:00,,,52.684002,-1.831928,Male,18-24,White - White British (W1),White,Misuse of Drugs Act 1971 (section 23),Controlled drugs,Nothing found - no further action,,False
Person search,2016-05-20T22:05:00+00:00,,,52.682032,-1.831359,Male,18-24,White - White British (W1),White,Misuse of Drugs Act 1971 (section 23),Controlled drugs,Nothing found - no further action,,False
Person search,2016-05-20T22:10:00+00:00,,,52.682032,-1.831359,Male,18-24,White - White British (W1),White,Misuse of Drugs Act 1971 (section 23),Controlled drugs,Nothing found - no further action,,False
Person search,2016-05-20T22:15:00+00:00,,,52.682032,-1.831359,Male,25-34,White - White British (W1),White,Misuse of Drugs Act 1971 (section 23),Controlled drugs,Nothing found - no further action,,False
Person search,2016-05-20T22:20:00+00:00,,,52.682032,-1.831359,Male,18-24,White - White British (W1),White,Misuse of Drugs Act 1971 (section 23),Controlled drugs,Nothing found - no further action,,False
Person search,2016-05-20T22:20:00+00:00,,,52.682032,-1.831359,Male,18-24,White - White British (W1),White,Misuse of Drugs Act 1971 (section 23),Controlled drugs,Nothing found - no further action,,False
Person and Vehicle search,2016-05-20T22:30:00+00:00,,,,,Other,25-34,White - White British (W1),White,Misuse of Drugs Act 1971 (section 23),Controlled drugs,Nothing found - no further action,,False
Person search,2016-05-20T22:30:00+00:00,,,,,Other,18-24,White - White British (W1),White,Misuse of Drugs Act 1971 (section 23),Controlled drugs,Nothing found - no further action,,False
Person search,2016-05-20T22:34:00+00:00,,,52.682032,-1.831359,Male,18-24,White - White British (W1),White,Misuse of Drugs Act 1971 (section 23),Controlled drugs,Nothing found - no further action,,False
Person search,2016-05-20T22:35:00+00:00,,,,,Other,25-34,White - White British (W1),White,Misuse of Drugs Act 1971 (section 23),Controlled drugs,Local resolution,,False
Person search,2016-05-20T22:45:00+00:00,,,52.684002,-1.831928,Male,25-34,White - White British (W1),White,Misuse of Drugs Act 1971 (section 23),Controlled drugs,Nothing found - no further action,,False
Person search,2016-05-20T22:55:00+00:00,,,52.684002,-1.831928,Male,18-24,Black or Black British - Caribbean (B1),White,Misuse of Drugs Act 1971 (section 23),Controlled drugs,Local resolution,,False
Person search,2016-05-21T01:58:00+00:00,,,,,Other,10-17,White - White British (W1),White,Police and Criminal Evidence Act 1984 (section 1),Controlled drugs,Nothing found - no further action,,False
Person search,2016-05-21T02:13:00+00:00,,,,,Other,10-17,White - White British (W1),White,Misuse of Drugs Act 1971 (section 23),Controlled drugs,Nothing found - no further action,,False
Person search,2016-05-21T02:58:00+00:00,,,,,Other,18-24,White - White British (W1),White,Misuse of Drugs Act 1971 (section 23),Controlled drugs,Nothing found - no further action,,False
Person search,2016-05-21T03:00:00+00:00,,,,,Other,18-24,White - White British (W1),White,Misuse of Drugs Act 1971 (section 23),Controlled drugs,Nothing found - no further action,,False
Person search,2016-05-21T18:55:00+00:00,,,,,Other,18-24,White - White British (W1),White,Misuse of Drugs Act 1971 (section 23),Controlled drugs,Nothing found - no further action,,False
Person and Vehicle search,2016-05-21T18:55:00+00:00,,,,,Other,18-24,White - White British (W1),White,Misuse of Drugs Act 1971 (section 23),Controlled drugs,Nothing found - no further action,,False
Person and Vehicle search,2016-05-21T18:55:00+00:00,,,,,Other,18-24,White - White British (W1),White,Misuse of Drugs Act 1971 (section 23),Controlled drugs,Nothing found - no further action,,False
Person and Vehicle search,2016-05-21T18:55:00+00:00,,,,,Other,10-17,White - White British (W1),White,Misuse of Drugs Act 1971 (section 23),Controlled drugs,Nothing found - no further action,,False
Person search,2016-05-21T22:00:00+00:00,,,,,Other,10-17,White - White British (W1),White,Misuse of Drugs Act 1971 (section 23),Controlled drugs,Nothing found - no further action,,False
Person search,2016-05-21T22:00:00+00:00,,,,,Other,10-17,White - White British (W1),White,Misuse of Drugs Act 1971 (section 23),Controlled drugs,Nothing found - no further action,,False
Vehicle search,2016-05-21T22:00:00+00:00,,,,,Other,,,,Misuse of Drugs Act 1971 (section 23),Controlled drugs,Nothing found - no further action,,
Person search,2016-05-21T22:00:00+00:00,,,,,Other,18-24,White - White British (W1),White,Misuse of Drugs Act 1971 (section 23),Controlled drugs,Nothing found - no further action,,False
Person search,2016-05-21T22:00:00+00:00,,,,,Other,18-24,White - White British (W1),White,Misuse of Drugs Act 1971 (section 23),Controlled drugs,Nothing found - no further action,,False
Person search,2016-05-21T22:30:00+00:00,,,,,Other,25-34,White - White British (W1),White,Police and Criminal Evidence Act 1984 (section 1),Offensive weapons,Nothing found - no further action,,False
Person search,2016-05-22T00:56:00+00:00,,,,,Other,25-34,Asian or Asian British - Any other Asian ethnic background (A9),Asian,Police and Criminal Evidence Act 1984 (section 1),Offensive weapons,Nothing found - no further action,,False
Person search,2016-05-23T08:55:00+00:00,,,,,Other,25-34,White - White British (W1),White,Misuse of Drugs Act 1971 (section 23),Controlled drugs,Nothing found - no further action,,False
Person search,2016-05-23T13:00:00+00:00,,,,,Other,,,,Police and Criminal Evidence Act 1984 (section 1),Offensive weapons,Nothing found - no further action,,False
Person search,2016-05-23T15:50:00+00:00,,,,,Other,over 34,White - White British (W1),,Firearms Act 1968 (section 47),Firearms,Suspect arrested,,False
Person search,2016-05-23T18:56:00+00:00,,,,,Other,25-34,White - White British (W1),White,Police and Criminal Evidence Act 1984 (section 1),Article for use in theft,Nothing found - no further action,,False
Person search,2016-05-23T19:00:00+00:00,,,,,Other,25-34,White - White British (W1),White,Police and Criminal Evidence Act 1984 (section 1),Article for use in theft,Nothing found - no further action,,False
Person search,2016-05-23T19:48:00+00:00,,,,,Other,25-34,Black or Black British - Caribbean (B1),,Police and Criminal Evidence Act 1984 (section 1),Firearms,Nothing found - no further action,,False
Person search,2016-05-24T01:23:00+00:00,,,,,Other,25-34,Not Stated (NS),,Misuse of Drugs Act 1971 (section 23),Controlled drugs,Nothing found - no further action,,False
Person search,2016-05-24T14:15:00+00:00,,,,,Other,over 34,Not Stated (NS),White,Misuse of Drugs Act 1971 (section 23),Controlled drugs,Nothing found - no further action,,False
Person search,2016-05-24T17:50:00+00:00,,,52.980291,-2.116933,Other,18-24,White - White British (W1),,Police and Criminal Evidence Act 1984 (section 1),Article for use in theft,Suspect arrested,True,False
Person search,2016-05-24T22:15:00+00:00,,,,,Other,18-24,White - White British (W1),White,Police and Criminal Evidence Act 1984 (section 1),Stolen goods,Nothing found - no further action,,False
Person and Vehicle search,2016-05-24T23:48:00+00:00,,,,,Other,18-24,White - White British (W1),White,Misuse of Drugs Act 1971 (section 23),Controlled drugs,Suspect arrested,,False
Person and Vehicle search,2016-05-24T23:48:00+00:00,,,,,Other,18-24,White - White British (W1),White,Misuse of Drugs Act 1971 (section 23),Controlled drugs,Suspect arrested,True,False
Person search,2016-05-24T23:50:00+00:00,,,,,Other,18-24,White - White British (W1),White,Police and Criminal Evidence Act 1984 (section 1),Stolen goods,Nothing found - no further action,,False
Person search,2016-05-25T14:50:00+00:00,,,,,Other,10-17,White - White British (W1),White,Police and Criminal Evidence Act 1984 (section 1),Offensive weapons,Nothing found - no further action,,False
Person and Vehicle search,2016-05-25T15:56:00+00:00,,,,,Other,10-17,Not Stated (NS),Asian,Misuse of Drugs Act 1971 (section 23),Controlled drugs,Nothing found - no further action,,False
Person and Vehicle search,2016-05-25T16:00:00+00:00,,,,,Other,18-24,Black or Black British - African (B2),Black,Misuse of Drugs Act 1971 (section 23),Controlled drugs,Nothing found - no further action,,False
Person and Vehicle search,2016-05-25T16:00:00+00:00,,,,,Other,18-24,Asian or Asian British - Pakistani (A2),Asian,Misuse of Drugs Act 1971 (section 23),Controlled drugs,Nothing found - no further action,,False
Person and Vehicle search,2016-05-25T16:00:00+00:00,,,,,Other,18-24,Asian or Asian British - Pakistani (A2),Asian,Misuse of Drugs Act 1971 (section 23),Controlled drugs,Nothing found - no further action,,False
Person and Vehicle search,2016-05-25T16:00:00+00:00,,,,,Other,18-24,Asian or Asian British - Pakistani (A2),Asian,Misuse of Drugs Act 1971 (section 23),Controlled drugs,Nothing found - no further action,,False
Person search,2016-05-25T18:36:00+00:00,,,,,Other,10-17,White - White British (W1),White,Misuse of Drugs Act 1971 (section 23),Controlled drugs,Nothing found - no further action,,False
Person and Vehicle search,2016-05-25T19:10:00+00:00,,,,,Other,18-24,White - White British (W1),White,Misuse of Drugs Act 1971 (section 23),Controlled drugs,Suspect arrested,True,False
Person and Vehicle search,2016-05-25T19:25:00+00:00,,,,,Other,18-24,White - White British (W1),White,Misuse of Drugs Act 1971 (section 23),Controlled drugs,Nothing found - no further action,,False
Person search,2016-05-25T20:10:00+00:00,,,,,Other,25-34,White - White British (W1),White,Misuse of Drugs Act 1971 (section 23),Controlled drugs,Suspect arrested,True,False
Person and Vehicle search,2016-05-25T21:20:00+00:00,,,,,Other,18-24,White - White British (W1),,Misuse of Drugs Act 1971 (section 23),Controlled drugs,Offender given drugs possession warning,,False
Person search,2016-05-25T23:48:00+00:00,,,,,Other,18-24,Not Stated (NS),White,Police and Criminal Evidence Act 1984 (section 1),Article for use in theft,Nothing found - no further action,,False
Person and Vehicle search,2016-05-27T04:05:00+00:00,,,,,Other,10-17,White - White British (W1),White,Misuse of Drugs Act 1971 (section 23),Controlled drugs,Nothing found - no further action,,False
Person search,2016-05-27T04:15:00+00:00,,,,,Other,18-24,White - White British (W1),White,Misuse of Drugs Act 1971 (section 23),Controlled drugs,Nothing found - no further action,,False
Person search,2016-05-27T09:07:00+00:00,,,,,Other,over 34,Not Stated (NS),,Misuse of Drugs Act 1971 (section 23),Controlled drugs,Nothing found - no further action,,False
Person and Vehicle search,2016-05-27T09:50:00+00:00,,,,,Other,25-34,White - White British (W1),White,Misuse of Drugs Act 1971 (section 23),Controlled drugs,Suspect arrested,True,False
Person search,2016-05-27T21:57:00+00:00,,,,,Other,10-17,White - White British (W1),White,Police and Criminal Evidence Act 1984 (section 1),Offensive weapons,Suspect arrested,True,False
Person search,2016-05-27T23:30:00+00:00,,,,,Other,10-17,White - White British (W1),White,Police and Criminal Evidence Act 1984 (section 1),Article for use in theft,Suspect arrested,,False
Person search,2016-05-27T23:30:00+00:00,,,,,Other,18-24,White - White British (W1),White,Police and Criminal Evidence Act 1984 (section 1),Article for use in theft,Suspect arrested,,False
Person and Vehicle search,2016-05-27T23:44:00+00:00,,,,,Other,18-24,White - White British (W1),White,Misuse of Drugs Act 1971 (section 23),Controlled drugs,Nothing found - no further action,,False
Person search,2016-05-28T01:30:00+00:00,,,,,Other,25-34,White - Any other White ethnic background (W9),White,Police and Criminal Evidence Act 1984 (section 1),Stolen goods,Nothing found - no further action,,False
Person search,2016-05-28T17:00:00+00:00,,,,,Other,over 34,White - White British (W1),White,Misuse of Drugs Act 1971 (section 23),Controlled drugs,Suspect arrested,True,False
Vehicle search,2016-05-28T21:30:00+00:00,,,,,Other,,,,Misuse of Drugs Act 1971 (section 23),Controlled drugs,Nothing found - no further action,,
Person search,2016-05-28T23:25:00+00:00,,,,,Other,10-17,White - White British (W1),White,Police and Criminal Evidence Act 1984 (section 1),Article for use in theft,Nothing found - no further action,,False
Person search,2016-05-28T23:39:00+00:00,,,53.008357,-2.222554,Other,over 34,White - White British (W1),White,Police and Criminal Evidence Act 1984 (section 1),Article for use in theft,Nothing found - no further action,,False
